{
    "type": "minecraft:crafting_shapeless",
    "ingredients": [
      "minecraft:music_disc_13"
    ],
    "result": {
      "id": "minecraft:music_disc_5",
      "count": 9,
      "components": {
        "minecraft:custom_data": "{enchantedgoldnugget:1b}",
        "minecraft:item_model": "minecraft:gold_nugget",
        "minecraft:enchantment_glint_override": true,
        "!minecraft:jukebox_playable": {},
        "minecraft:item_name": "[\"\",{\"text\":\"Enchanted Gold Nugget\",\"color\":\"aqua\"}]",
        "minecraft:max_stack_size": 64
      }
    }
  }
  