{
    "type": "minecraft:crafting_shaped",
    "pattern": [
      "###",
      "#A#",
      "###"
    ],
    "key": {
      "#": "minecraft:music_disc_5",
      "A": "minecraft:carrot"
    },
    "result": {
      "id": "minecraft:music_disc_13",
      "components": {
        "minecraft:custom_data": "{enchantedgoldencarrot:1b}",
        "minecraft:item_model": "minecraft:golden_carrot",
        "minecraft:enchantment_glint_override": true,
        "!minecraft:jukebox_playable": {},
        "minecraft:item_name": "[\"\",{\"text\":\"Enchanted Golden Carrot\",\"color\":\"aqua\"}]",
        "minecraft:max_stack_size": 64,
        "minecraft:food": {
        "nutrition": 6,
        "saturation": 14.4,
        "can_always_eat": true
      },
      "consumable": {
        "consume_seconds": 1.6,
        "on_consume_effects": [
            {
                "type": "apply_effects",
                "effects": [
                    {
                        "id": "night_vision",
                        "duration": 6000
                    },
                    {
                        "id": "absorption",
                        "duration": 2400,
                        "amplifier": 1
                    },
                    {
                        "id": "regeneration",
                        "duration": 400,
                        "amplifier": 1
                    },
                    {
                        "id": "fire_resistance",
                        "duration": 400
                    }
                ]
            }
        ]
      }
      }
    }
  }
  