{
    "type": "minecraft:crafting_shaped",
    "pattern": [
      "###",
      "#G#",
      "###"
    ],
    "key": {
      "#": "minecraft:experience_bottle",
      "G": "minecraft:gold_ingot"
    },
    "result": {
      "id": "minecraft:music_disc_13",
      "components": {
        "minecraft:custom_data": "{enchantedgoldingot:1b}",
        "minecraft:item_model": "minecraft:gold_ingot",
        "minecraft:enchantment_glint_override": true,
        "!minecraft:jukebox_playable": {},
        "minecraft:item_name": "[\"\",{\"text\":\"Enchanted Gold Ingot\",\"color\":\"aqua\"}]",
        "minecraft:max_stack_size": 64
      }
    }
  }
  