{
    "criteria": {
      "requirement": {
        "trigger": "minecraft:inventory_changed",
        "conditions": {
          "player": [
            {
              "condition": "minecraft:entity_properties",
              "entity": "this",
              "predicate": {
                "slots": {
                  "weapon.offhand": {
                    "items": "#disc:otherthan11"
                  }
                }
              }
            }
          ]
        }
      }
    },
    "rewards": {
      "function": "disc:triggeroffhand"
    }
  }
  